{"cameraMode":{"drawMode":0,"name":"Shaded","section":"Shading Mode"},"sceneLighting":false,"audioPlay":false,"sceneViewState":{"m_AlwaysRefresh":false,"showFog":true,"showSkybox":false,"showFlares":true,"showImageEffects":true,"showParticleSystems":true,"showVisualEffectGraphs":true,"m_FxEnabled":true},"in2DMode":false,"pivot":{"x":-0.06061065196990967,"y":0.7654318809509277,"z":0.05831336975097656},"rotation":{"x":0.0716850757598877,"y":-0.9234785437583923,"z":0.2128199189901352,"w":0.3110591471195221},"size":1.8562631607055665,"orthographic":false}