{"cameraMode":{"drawMode":0,"name":"Shaded","section":"Shading Mode"},"sceneLighting":false,"audioPlay":false,"sceneViewState":{"m_AlwaysRefresh":false,"showFog":true,"showSkybox":false,"showFlares":true,"showImageEffects":true,"showParticleSystems":true,"showVisualEffectGraphs":true,"m_FxEnabled":true},"in2DMode":false,"pivot":{"x":16.399999618530275,"y":3.429842948913574,"z":26.028465270996095},"rotation":{"x":0.23331522941589356,"y":-0.0107954740524292,"z":0.002590042306110263,"w":0.9723401069641113},"size":4.0697526931762699,"orthographic":false}