{"cameraMode":{"drawMode":0,"name":"Shaded","section":"Shading Mode"},"sceneLighting":true,"audioPlay":false,"sceneViewState":{"m_AlwaysRefresh":false,"showFog":true,"showSkybox":true,"showFlares":true,"showImageEffects":true,"showParticleSystems":true,"showVisualEffectGraphs":true,"m_FxEnabled":true},"in2DMode":false,"pivot":{"x":-161.49114990234376,"y":0.6804885864257813,"z":44.377723693847659},"rotation":{"x":0.1649087369441986,"y":-0.8350510597229004,"z":0.36661872267723086,"w":0.37561479210853579},"size":30.81703758239746,"orthographic":false}