{"cameraMode":{"drawMode":0,"name":"Shaded","section":"Shading Mode"},"sceneLighting":false,"audioPlay":false,"sceneViewState":{"m_AlwaysRefresh":false,"showFog":true,"showSkybox":false,"showFlares":true,"showImageEffects":true,"showParticleSystems":true,"showVisualEffectGraphs":true,"m_FxEnabled":true},"in2DMode":false,"pivot":{"x":-8.940696716308594e-8,"y":0.00029195472598075867,"z":-0.11389677226543427},"rotation":{"x":0.2592269480228424,"y":-0.6388625502586365,"z":0.24265864491462708,"w":0.682479202747345},"size":0.2799523174762726,"orthographic":false}